1,website,user,18ea903ccddc11669e4ae40191660a93,00000000000000004a4d273b9d010000
2,google,googleuser,fdd6d524f4ac5e7d9094af5f8f9cbe85,00000000000000009b86273b9d010000
3,amazon,amazonuser,ac483b9fb749b545184a774a689e7e4f,00000000000000004f9cad3b9d010000
4,amazon,amazonuser,ac483b9fb749b545184a774a689e7e4f,00000000000000004f9cad3b9d010001
5,amazon,amazonuser,ac483b9fb749b545184a774a689e7e4f,00000000000000004f9cad3b9d010002
6,amazon,amazonuser,ac483b9fb749b545184a774a689e7e4f,00000000000000004f9cad3b9d010003
7,amazon,amazonuser,ac483b9fb749b545184a774a689e7e4f,00000000000000004f9cad3b9d010004
8,amazon,amazonuser,ac483b9fb749b545184a774a689e7e4f,00000000000000004f9cad3b9d010005
9,amazon,amazonuser,ac483b9fb749b545184a774a689e7e4f,00000000000000004f9cad3b9d010006
10,amazon,amazonuser,ac483b9fb749b545184a774a689e7e4f,00000000000000004f9cad3b9d010007
11,amazon,amazonuser,ac483b9fb749b545184a774a689e7e4f,00000000000000004f9cad3b9d010008
12,amazon,amazonuser,ac483b9fb749b545184a774a689e7e4f,00000000000000004f9cad3b9d010009
13,amazon,amazonuser,ac483b9fb749b545184a774a689e7e4f,00000000000000004f9cad3b9d010010
14,amazon,amazonuser,ac483b9fb749b545184a774a689e7e4f,00000000000000004f9cad3b9d010011
15,amazon,amazonuser,ac483b9fb749b545184a774a689e7e4f,00000000000000004f9cad3b9d010012
16,amazon,amazonuser,ac483b9fb749b545184a774a689e7e4f,00000000000000004f9cad3b9d010013
17,amazon,amazonuser,ac483b9fb749b545184a774a689e7e4f,00000000000000004f9cad3b9d010014
18,amazon,amazonuser,ac483b9fb749b545184a774a689e7e4f,00000000000000004f9cad3b9d010015
19,amazon,amazonuser,ac483b9fb749b545184a774a689e7e4f,00000000000000004f9cad3b9d010016
20,amazon,amazonuser,ac483b9fb749b545184a774a689e7e4f,00000000000000004f9cad3b9d010017
21,amazon,amazonuser,ac483b9fb749b545184a774a689e7e4f,00000000000000004f9cad3b9d010018
22,amazon,amazonuser,ac483b9fb749b545184a774a689e7e4f,00000000000000004f9cad3b9d010019
23,amazon,amazonuser,ac483b9fb749b545184a774a689e7e4f,00000000000000004f9cad3b9d010020
24,amazon,amazonuser,ac483b9fb749b545184a774a689e7e4f,00000000000000004f9cad3b9d010021
25,amazon,amazonuser,ac483b9fb749b545184a774a689e7e4f,00000000000000004f9cad3b9d010022
26,amazon,amazonuser,ac483b9fb749b545184a774a689e7e4f,00000000000000004f9cad3b9d010023
27,amazon,amazonuser,ac483b9fb749b545184a774a689e7e4f,00000000000000004f9cad3b9d010024
28,amazon,amazonuser,ac483b9fb749b545184a774a689e7e4f,00000000000000004f9cad3b9d010025
29,amazon,amazonuser,ac483b9fb749b545184a774a689e7e4f,00000000000000004f9cad3b9d010026
30,amazon,amazonuser,ac483b9fb749b545184a774a689e7e4f,00000000000000004f9cad3b9d010027
31,amazon,amazonuser,ac483b9fb749b545184a774a689e7e4f,00000000000000004f9cad3b9d010028
32,amazon,amazonuser,ac483b9fb749b545184a774a689e7e4f,00000000000000004f9cad3b9d010029
33,amazon,amazonuser,ac483b9fb749b545184a774a689e7e4f,00000000000000004f9cad3b9d010030
34,amazon,amazonuser,ac483b9fb749b545184a774a689e7e4f,00000000000000004f9cad3b9d010031
35,amazon,amazonuser,ac483b9fb749b545184a774a689e7e4f,00000000000000004f9cad3b9d010032
36,amazon,amazonuser,ac483b9fb749b545184a774a689e7e4f,00000000000000004f9cad3b9d010033
37,amazon,amazonuser,ac483b9fb749b545184a774a689e7e4f,00000000000000004f9cad3b9d010034
38,amazon,amazonuser,ac483b9fb749b545184a774a689e7e4f,00000000000000004f9cad3b9d010035
39,amazon,amazonuser,ac483b9fb749b545184a774a689e7e4f,00000000000000004f9cad3b9d010036
40,amazon,amazonuser,ac483b9fb749b545184a774a689e7e4f,00000000000000004f9cad3b9d010037
41,amazon,amazonuser,ac483b9fb749b545184a774a689e7e4f,00000000000000004f9cad3b9d010038
42,amazon,amazonuser,ac483b9fb749b545184a774a689e7e4f,00000000000000004f9cad3b9d010039
43,amazon,amazonuser,ac483b9fb749b545184a774a689e7e4f,00000000000000004f9cad3b9d010040
44,amazon,amazonuser,ac483b9fb749b545184a774a689e7e4f,00000000000000004f9cad3b9d010041
45,amazon,amazonuser,ac483b9fb749b545184a774a689e7e4f,00000000000000004f9cad3b9d010042
46,amazon,amazonuser,ac483b9fb749b545184a774a689e7e4f,00000000000000004f9cad3b9d010043
47,amazon,amazonuser,ac483b9fb749b545184a774a689e7e4f,00000000000000004f9cad3b9d010044
48,amazon,amazonuser,ac483b9fb749b545184a774a689e7e4f,00000000000000004f9cad3b9d010045
49,amazon,amazonuser,ac483b9fb749b545184a774a689e7e4f,00000000000000004f9cad3b9d010046
50,amazon,amazonuser,ac483b9fb749b545184a774a689e7e4f,00000000000000004f9cad3b9d010047
51,amazon,amazonuser,ac483b9fb749b545184a774a689e7e4f,00000000000000004f9cad3b9d010048
52,amazon,amazonuser,ac483b9fb749b545184a774a689e7e4f,00000000000000004f9cad3b9d010049
53,amazon,amazonuser,ac483b9fb749b545184a774a689e7e4f,00000000000000004f9cad3b9d010050
54,amazon,amazonuser,ac483b9fb749b545184a774a689e7e4f,00000000000000004f9cad3b9d010051
55,amazon,amazonuser,ac483b9fb749b545184a774a689e7e4f,00000000000000004f9cad3b9d010052
56,amazon,amazonuser,ac483b9fb749b545184a774a689e7e4f,00000000000000004f9cad3b9d010053
57,amazon,amazonuser,ac483b9fb749b545184a774a689e7e4f,00000000000000004f9cad3b9d010054
58,amazon,amazonuser,ac483b9fb749b545184a774a689e7e4f,00000000000000004f9cad3b9d010055
59,amazon,amazonuser,ac483b9fb749b545184a774a689e7e4f,00000000000000004f9cad3b9d010056
60,amazon,amazonuser,ac483b9fb749b545184a774a689e7e4f,00000000000000004f9cad3b9d010057
61,amazon,amazonuser,ac483b9fb749b545184a774a689e7e4f,00000000000000004f9cad3b9d010058
62,amazon,amazonuser,ac483b9fb749b545184a774a689e7e4f,00000000000000004f9cad3b9d010059
63,amazon,amazonuser,ac483b9fb749b545184a774a689e7e4f,00000000000000004f9cad3b9d010060
64,amazon,amazonuser,ac483b9fb749b545184a774a689e7e4f,00000000000000004f9cad3b9d010061
65,amazon,amazonuser,ac483b9fb749b545184a774a689e7e4f,00000000000000004f9cad3b9d010062
66,amazon,amazonuser,ac483b9fb749b545184a774a689e7e4f,00000000000000004f9cad3b9d010063
67,amazon,amazonuser,ac483b9fb749b545184a774a689e7e4f,00000000000000004f9cad3b9d010064
68,amazon,amazonuser,ac483b9fb749b545184a774a689e7e4f,00000000000000004f9cad3b9d010065
69,amazon,amazonuser,ac483b9fb749b545184a774a689e7e4f,00000000000000004f9cad3b9d010066
70,amazon,amazonuser,ac483b9fb749b545184a774a689e7e4f,00000000000000004f9cad3b9d010067
71,amazon,amazonuser,ac483b9fb749b545184a774a689e7e4f,00000000000000004f9cad3b9d010068
72,amazon,amazonuser,ac483b9fb749b545184a774a689e7e4f,00000000000000004f9cad3b9d010069
73,amazon,amazonuser,ac483b9fb749b545184a774a689e7e4f,00000000000000004f9cad3b9d010070
74,amazon,amazonuser,ac483b9fb749b545184a774a689e7e4f,00000000000000004f9cad3b9d010071
75,amazon,amazonuser,ac483b9fb749b545184a774a689e7e4f,00000000000000004f9cad3b9d010072
76,amazon,amazonuser,ac483b9fb749b545184a774a689e7e4f,00000000000000004f9cad3b9d010073
77,amazon,amazonuser,ac483b9fb749b545184a774a689e7e4f,00000000000000004f9cad3b9d010074
78,amazon,amazonuser,ac483b9fb749b545184a774a689e7e4f,00000000000000004f9cad3b9d010075
79,amazon,amazonuser,ac483b9fb749b545184a774a689e7e4f,00000000000000004f9cad3b9d010076
80,amazon,amazonuser,ac483b9fb749b545184a774a689e7e4f,00000000000000004f9cad3b9d010077
81,amazon,amazonuser,ac483b9fb749b545184a774a689e7e4f,00000000000000004f9cad3b9d010078
82,amazon,amazonuser,ac483b9fb749b545184a774a689e7e4f,00000000000000004f9cad3b9d010079
83,amazon,amazonuser,ac483b9fb749b545184a774a689e7e4f,00000000000000004f9cad3b9d010080
84,amazon,amazonuser,ac483b9fb749b545184a774a689e7e4f,00000000000000004f9cad3b9d010081
85,amazon,amazonuser,ac483b9fb749b545184a774a689e7e4f,00000000000000004f9cad3b9d010082
86,amazon,amazonuser,ac483b9fb749b545184a774a689e7e4f,00000000000000004f9cad3b9d010083
87,amazon,amazonuser,ac483b9fb749b545184a774a689e7e4f,00000000000000004f9cad3b9d010084
88,amazon,amazonuser,ac483b9fb749b545184a774a689e7e4f,00000000000000004f9cad3b9d010085
89,amazon,amazonuser,ac483b9fb749b545184a774a689e7e4f,00000000000000004f9cad3b9d010086
90,amazon,amazonuser,ac483b9fb749b545184a774a689e7e4f,00000000000000004f9cad3b9d010087
91,amazon,amazonuser,ac483b9fb749b545184a774a689e7e4f,00000000000000004f9cad3b9d010088
92,amazon,amazonuser,ac483b9fb749b545184a774a689e7e4f,00000000000000004f9cad3b9d010089
93,amazon,amazonuser,ac483b9fb749b545184a774a689e7e4f,00000000000000004f9cad3b9d010090
94,amazon,amazonuser,ac483b9fb749b545184a774a689e7e4f,00000000000000004f9cad3b9d010091
95,amazon,amazonuser,ac483b9fb749b545184a774a689e7e4f,00000000000000004f9cad3b9d010092
96,amazon,amazonuser,ac483b9fb749b545184a774a689e7e4f,00000000000000004f9cad3b9d010093
97,amazon,amazonuser,ac483b9fb749b545184a774a689e7e4f,00000000000000004f9cad3b9d010094
98,amazon,amazonuser,ac483b9fb749b545184a774a689e7e4f,00000000000000004f9cad3b9d010095
99,amazon,amazonuser,ac483b9fb749b545184a774a689e7e4f,00000000000000004f9cad3b9d010096
100,amazon,amazonuser,ac483b9fb749b545184a774a689e7e4f,00000000000000004f9cad3b9d010097
101,amazon,amazonuser,ac483b9fb749b545184a774a689e7e4f,00000000000000004f9cad3b9d010098
102,amazon,amazonuser,ac483b9fb749b545184a774a689e7e4f,00000000000000004f9cad3b9d010099
103,amazon,amazonuser,ac483b9fb749b545184a774a689e7e4f,00000000000000004f9cad3b9d010100
104,amazon,amazonuser,ac483b9fb749b545184a774a689e7e4f,00000000000000004f9cad3b9d010101
105,amazon,amazonuser,ac483b9fb749b545184a774a689e7e4f,00000000000000004f9cad3b9d010102
106,amazon,amazonuser,ac483b9fb749b545184a774a689e7e4f,00000000000000004f9cad3b9d010103
107,amazon,amazonuser,ac483b9fb749b545184a774a689e7e4f,00000000000000004f9cad3b9d010104
108,amazon,amazonuser,ac483b9fb749b545184a774a689e7e4f,00000000000000004f9cad3b9d010105
109,amazon,amazonuser,ac483b9fb749b545184a774a689e7e4f,00000000000000004f9cad3b9d010106
110,amazon,amazonuser,ac483b9fb749b545184a774a689e7e4f,00000000000000004f9cad3b9d010107
111,amazon,amazonuser,ac483b9fb749b545184a774a689e7e4f,00000000000000004f9cad3b9d010108
112,amazon,amazonuser,ac483b9fb749b545184a774a689e7e4f,00000000000000004f9cad3b9d010109
113,amazon,amazonuser,ac483b9fb749b545184a774a689e7e4f,00000000000000004f9cad3b9d010110
114,amazon,amazonuser,ac483b9fb749b545184a774a689e7e4f,00000000000000004f9cad3b9d010111
115,amazon,amazonuser,ac483b9fb749b545184a774a689e7e4f,00000000000000004f9cad3b9d010112
116,amazon,amazonuser,ac483b9fb749b545184a774a689e7e4f,00000000000000004f9cad3b9d010113
117,amazon,amazonuser,ac483b9fb749b545184a774a689e7e4f,00000000000000004f9cad3b9d010114
118,amazon,amazonuser,ac483b9fb749b545184a774a689e7e4f,00000000000000004f9cad3b9d010115
119,amazon,amazonuser,ac483b9fb749b545184a774a689e7e4f,00000000000000004f9cad3b9d010116
120,amazon,amazonuser,ac483b9fb749b545184a774a689e7e4f,00000000000000004f9cad3b9d010117
121,amazon,amazonuser,ac483b9fb749b545184a774a689e7e4f,00000000000000004f9cad3b9d010118
122,amazon,amazonuser,ac483b9fb749b545184a774a689e7e4f,00000000000000004f9cad3b9d010119
123,amazon,amazonuser,ac483b9fb749b545184a774a689e7e4f,00000000000000004f9cad3b9d010120
124,amazon,amazonuser,ac483b9fb749b545184a774a689e7e4f,00000000000000004f9cad3b9d010121
125,amazon,amazonuser,ac483b9fb749b545184a774a689e7e4f,00000000000000004f9cad3b9d010122
126,amazon,amazonuser,ac483b9fb749b545184a774a689e7e4f,00000000000000004f9cad3b9d010123
127,amazon,amazonuser,ac483b9fb749b545184a774a689e7e4f,00000000000000004f9cad3b9d010124
128,amazon,amazonuser,ac483b9fb749b545184a774a689e7e4f,00000000000000004f9cad3b9d010125
129,amazon,amazonuser,ac483b9fb749b545184a774a689e7e4f,00000000000000004f9cad3b9d010126
130,amazon,amazonuser,ac483b9fb749b545184a774a689e7e4f,00000000000000004f9cad3b9d010127
131,amazon,amazonuser,ac483b9fb749b545184a774a689e7e4f,00000000000000004f9cad3b9d010128
132,amazon,amazonuser,ac483b9fb749b545184a774a689e7e4f,00000000000000004f9cad3b9d010129
133,amazon,amazonuser,ac483b9fb749b545184a774a689e7e4f,00000000000000004f9cad3b9d010130
134,amazon,amazonuser,ac483b9fb749b545184a774a689e7e4f,00000000000000004f9cad3b9d010131
135,amazon,amazonuser,ac483b9fb749b545184a774a689e7e4f,00000000000000004f9cad3b9d010132
136,amazon,amazonuser,ac483b9fb749b545184a774a689e7e4f,00000000000000004f9cad3b9d010133
137,amazon,amazonuser,ac483b9fb749b545184a774a689e7e4f,00000000000000004f9cad3b9d010134
138,amazon,amazonuser,ac483b9fb749b545184a774a689e7e4f,00000000000000004f9cad3b9d010135
139,amazon,amazonuser,ac483b9fb749b545184a774a689e7e4f,00000000000000004f9cad3b9d010136
140,amazon,amazonuser,ac483b9fb749b545184a774a689e7e4f,00000000000000004f9cad3b9d010137
141,amazon,amazonuser,ac483b9fb749b545184a774a689e7e4f,00000000000000004f9cad3b9d010138
142,amazon,amazonuser,ac483b9fb749b545184a774a689e7e4f,00000000000000004f9cad3b9d010139
143,amazon,amazonuser,ac483b9fb749b545184a774a689e7e4f,00000000000000004f9cad3b9d010140
144,amazon,amazonuser,ac483b9fb749b545184a774a689e7e4f,00000000000000004f9cad3b9d010141
145,amazon,amazonuser,ac483b9fb749b545184a774a689e7e4f,00000000000000004f9cad3b9d010142
146,amazon,amazonuser,ac483b9fb749b545184a774a689e7e4f,00000000000000004f9cad3b9d010143
147,amazon,amazonuser,ac483b9fb749b545184a774a689e7e4f,00000000000000004f9cad3b9d010144
148,amazon,amazonuser,ac483b9fb749b545184a774a689e7e4f,00000000000000004f9cad3b9d010145
149,amazon,amazonuser,ac483b9fb749b545184a774a689e7e4f,00000000000000004f9cad3b9d010146
150,amazon,amazonuser,ac483b9fb749b545184a774a689e7e4f,00000000000000004f9cad3b9d010147
151,amazon,amazonuser,ac483b9fb749b545184a774a689e7e4f,00000000000000004f9cad3b9d010148
152,amazon,amazonuser,ac483b9fb749b545184a774a689e7e4f,00000000000000004f9cad3b9d010149
153,amazon,amazonuser,ac483b9fb749b545184a774a689e7e4f,00000000000000004f9cad3b9d010150
154,amazon,amazonuser,ac483b9fb749b545184a774a689e7e4f,00000000000000004f9cad3b9d010151
155,amazon,amazonuser,ac483b9fb749b545184a774a689e7e4f,00000000000000004f9cad3b9d010152
156,amazon,amazonuser,ac483b9fb749b545184a774a689e7e4f,00000000000000004f9cad3b9d010153
157,amazon,amazonuser,ac483b9fb749b545184a774a689e7e4f,00000000000000004f9cad3b9d010154
158,amazon,amazonuser,ac483b9fb749b545184a774a689e7e4f,00000000000000004f9cad3b9d010155
159,amazon,amazonuser,ac483b9fb749b545184a774a689e7e4f,00000000000000004f9cad3b9d010156
160,amazon,amazonuser,ac483b9fb749b545184a774a689e7e4f,00000000000000004f9cad3b9d010157
161,amazon,amazonuser,ac483b9fb749b545184a774a689e7e4f,00000000000000004f9cad3b9d010158
162,amazon,amazonuser,ac483b9fb749b545184a774a689e7e4f,00000000000000004f9cad3b9d010159
163,amazon,amazonuser,ac483b9fb749b545184a774a689e7e4f,00000000000000004f9cad3b9d010160
164,amazon,amazonuser,ac483b9fb749b545184a774a689e7e4f,00000000000000004f9cad3b9d010161
165,amazon,amazonuser,ac483b9fb749b545184a774a689e7e4f,00000000000000004f9cad3b9d010162
166,amazon,amazonuser,ac483b9fb749b545184a774a689e7e4f,00000000000000004f9cad3b9d010163
167,amazon,amazonuser,ac483b9fb749b545184a774a689e7e4f,00000000000000004f9cad3b9d010164
168,amazon,amazonuser,ac483b9fb749b545184a774a689e7e4f,00000000000000004f9cad3b9d010165
169,amazon,amazonuser,ac483b9fb749b545184a774a689e7e4f,00000000000000004f9cad3b9d010166
170,amazon,amazonuser,ac483b9fb749b545184a774a689e7e4f,00000000000000004f9cad3b9d010167
171,amazon,amazonuser,ac483b9fb749b545184a774a689e7e4f,00000000000000004f9cad3b9d010168
172,amazon,amazonuser,ac483b9fb749b545184a774a689e7e4f,00000000000000004f9cad3b9d010169
173,amazon,amazonuser,ac483b9fb749b545184a774a689e7e4f,00000000000000004f9cad3b9d010170
174,amazon,amazonuser,ac483b9fb749b545184a774a689e7e4f,00000000000000004f9cad3b9d010171
175,amazon,amazonuser,ac483b9fb749b545184a774a689e7e4f,00000000000000004f9cad3b9d010172
176,amazon,amazonuser,ac483b9fb749b545184a774a689e7e4f,00000000000000004f9cad3b9d010173
177,amazon,amazonuser,ac483b9fb749b545184a774a689e7e4f,00000000000000004f9cad3b9d010174
178,amazon,amazonuser,ac483b9fb749b545184a774a689e7e4f,00000000000000004f9cad3b9d010175
179,amazon,amazonuser,ac483b9fb749b545184a774a689e7e4f,00000000000000004f9cad3b9d010176
180,amazon,amazonuser,ac483b9fb749b545184a774a689e7e4f,00000000000000004f9cad3b9d010177
181,amazon,amazonuser,ac483b9fb749b545184a774a689e7e4f,00000000000000004f9cad3b9d010178
182,amazon,amazonuser,ac483b9fb749b545184a774a689e7e4f,00000000000000004f9cad3b9d010179
183,amazon,amazonuser,ac483b9fb749b545184a774a689e7e4f,00000000000000004f9cad3b9d010180
184,amazon,amazonuser,ac483b9fb749b545184a774a689e7e4f,00000000000000004f9cad3b9d010181
185,amazon,amazonuser,ac483b9fb749b545184a774a689e7e4f,00000000000000004f9cad3b9d010182
186,amazon,amazonuser,ac483b9fb749b545184a774a689e7e4f,00000000000000004f9cad3b9d010183
187,amazon,amazonuser,ac483b9fb749b545184a774a689e7e4f,00000000000000004f9cad3b9d010184
188,amazon,amazonuser,ac483b9fb749b545184a774a689e7e4f,00000000000000004f9cad3b9d010185
189,amazon,amazonuser,ac483b9fb749b545184a774a689e7e4f,00000000000000004f9cad3b9d010186
190,amazon,amazonuser,ac483b9fb749b545184a774a689e7e4f,00000000000000004f9cad3b9d010187
191,amazon,amazonuser,ac483b9fb749b545184a774a689e7e4f,00000000000000004f9cad3b9d010188
192,amazon,amazonuser,ac483b9fb749b545184a774a689e7e4f,00000000000000004f9cad3b9d010189
193,amazon,amazonuser,ac483b9fb749b545184a774a689e7e4f,00000000000000004f9cad3b9d010190
194,amazon,amazonuser,ac483b9fb749b545184a774a689e7e4f,00000000000000004f9cad3b9d010191
195,amazon,amazonuser,ac483b9fb749b545184a774a689e7e4f,00000000000000004f9cad3b9d010192
196,amazon,amazonuser,ac483b9fb749b545184a774a689e7e4f,00000000000000004f9cad3b9d010193
197,amazon,amazonuser,ac483b9fb749b545184a774a689e7e4f,00000000000000004f9cad3b9d010194
198,amazon,amazonuser,ac483b9fb749b545184a774a689e7e4f,00000000000000004f9cad3b9d010195
199,amazon,amazonuser,ac483b9fb749b545184a774a689e7e4f,00000000000000004f9cad3b9d010196
200,amazon,amazonuser,ac483b9fb749b545184a774a689e7e4f,00000000000000004f9cad3b9d010197
201,amazon,amazonuser,ac483b9fb749b545184a774a689e7e4f,00000000000000004f9cad3b9d010198
202,amazon,amazonuser,ac483b9fb749b545184a774a689e7e4f,00000000000000004f9cad3b9d010199
203,amazon,amazonuser,ac483b9fb749b545184a774a689e7e4f,00000000000000004f9cad3b9d010200
204,amazon,amazonuser,ac483b9fb749b545184a774a689e7e4f,00000000000000004f9cad3b9d010201
205,amazon,amazonuser,ac483b9fb749b545184a774a689e7e4f,00000000000000004f9cad3b9d010202
206,amazon,amazonuser,ac483b9fb749b545184a774a689e7e4f,00000000000000004f9cad3b9d010203
207,amazon,amazonuser,ac483b9fb749b545184a774a689e7e4f,00000000000000004f9cad3b9d010204
208,amazon,amazonuser,ac483b9fb749b545184a774a689e7e4f,00000000000000004f9cad3b9d010205
209,amazon,amazonuser,ac483b9fb749b545184a774a689e7e4f,00000000000000004f9cad3b9d010206
210,amazon,amazonuser,ac483b9fb749b545184a774a689e7e4f,00000000000000004f9cad3b9d010207
211,amazon,amazonuser,ac483b9fb749b545184a774a689e7e4f,00000000000000004f9cad3b9d010208
212,amazon,amazonuser,ac483b9fb749b545184a774a689e7e4f,00000000000000004f9cad3b9d010209
213,amazon,amazonuser,ac483b9fb749b545184a774a689e7e4f,00000000000000004f9cad3b9d010210
214,amazon,amazonuser,ac483b9fb749b545184a774a689e7e4f,00000000000000004f9cad3b9d010211
215,amazon,amazonuser,ac483b9fb749b545184a774a689e7e4f,00000000000000004f9cad3b9d010212
216,amazon,amazonuser,ac483b9fb749b545184a774a689e7e4f,00000000000000004f9cad3b9d010213
217,amazon,amazonuser,ac483b9fb749b545184a774a689e7e4f,00000000000000004f9cad3b9d010214
218,amazon,amazonuser,ac483b9fb749b545184a774a689e7e4f,00000000000000004f9cad3b9d010215
219,amazon,amazonuser,ac483b9fb749b545184a774a689e7e4f,00000000000000004f9cad3b9d010216
220,amazon,amazonuser,ac483b9fb749b545184a774a689e7e4f,00000000000000004f9cad3b9d010217
221,amazon,amazonuser,ac483b9fb749b545184a774a689e7e4f,00000000000000004f9cad3b9d010218
222,amazon,amazonuser,ac483b9fb749b545184a774a689e7e4f,00000000000000004f9cad3b9d010219
223,amazon,amazonuser,ac483b9fb749b545184a774a689e7e4f,00000000000000004f9cad3b9d010220
224,amazon,amazonuser,ac483b9fb749b545184a774a689e7e4f,00000000000000004f9cad3b9d010221
225,amazon,amazonuser,ac483b9fb749b545184a774a689e7e4f,00000000000000004f9cad3b9d010222
226,amazon,amazonuser,ac483b9fb749b545184a774a689e7e4f,00000000000000004f9cad3b9d010223
227,amazon,amazonuser,ac483b9fb749b545184a774a689e7e4f,00000000000000004f9cad3b9d010224
228,amazon,amazonuser,ac483b9fb749b545184a774a689e7e4f,00000000000000004f9cad3b9d010225
229,amazon,amazonuser,ac483b9fb749b545184a774a689e7e4f,00000000000000004f9cad3b9d010226
230,amazon,amazonuser,ac483b9fb749b545184a774a689e7e4f,00000000000000004f9cad3b9d010227
231,amazon,amazonuser,ac483b9fb749b545184a774a689e7e4f,00000000000000004f9cad3b9d010228
232,amazon,amazonuser,ac483b9fb749b545184a774a689e7e4f,00000000000000004f9cad3b9d010229
233,amazon,amazonuser,ac483b9fb749b545184a774a689e7e4f,00000000000000004f9cad3b9d010230
234,amazon,amazonuser,ac483b9fb749b545184a774a689e7e4f,00000000000000004f9cad3b9d010231
235,amazon,amazonuser,ac483b9fb749b545184a774a689e7e4f,00000000000000004f9cad3b9d010232
236,amazon,amazonuser,ac483b9fb749b545184a774a689e7e4f,00000000000000004f9cad3b9d010233
237,amazon,amazonuser,ac483b9fb749b545184a774a689e7e4f,00000000000000004f9cad3b9d010234
238,amazon,amazonuser,ac483b9fb749b545184a774a689e7e4f,00000000000000004f9cad3b9d010235
239,amazon,amazonuser,ac483b9fb749b545184a774a689e7e4f,00000000000000004f9cad3b9d010236
240,amazon,amazonuser,ac483b9fb749b545184a774a689e7e4f,00000000000000004f9cad3b9d010237
241,amazon,amazonuser,ac483b9fb749b545184a774a689e7e4f,00000000000000004f9cad3b9d010238
242,amazon,amazonuser,ac483b9fb749b545184a774a689e7e4f,00000000000000004f9cad3b9d010239
243,amazon,amazonuser,ac483b9fb749b545184a774a689e7e4f,00000000000000004f9cad3b9d010240
244,amazon,amazonuser,ac483b9fb749b545184a774a689e7e4f,00000000000000004f9cad3b9d010241
245,amazon,amazonuser,ac483b9fb749b545184a774a689e7e4f,00000000000000004f9cad3b9d010242
246,amazon,amazonuser,ac483b9fb749b545184a774a689e7e4f,00000000000000004f9cad3b9d010243
247,amazon,amazonuser,ac483b9fb749b545184a774a689e7e4f,00000000000000004f9cad3b9d010244
248,amazon,amazonuser,ac483b9fb749b545184a774a689e7e4f,00000000000000004f9cad3b9d010245
249,amazon,amazonuser,ac483b9fb749b545184a774a689e7e4f,00000000000000004f9cad3b9d010246
250,amazon,amazonuser,ac483b9fb749b545184a774a689e7e4f,00000000000000004f9cad3b9d010247
251,amazon,amazonuser,ac483b9fb749b545184a774a689e7e4f,00000000000000004f9cad3b9d010248
252,amazon,amazonuser,ac483b9fb749b545184a774a689e7e4f,00000000000000004f9cad3b9d010249
253,amazon,amazonuser,ac483b9fb749b545184a774a689e7e4f,00000000000000004f9cad3b9d010250
254,amazon,amazonuser,ac483b9fb749b545184a774a689e7e4f,00000000000000004f9cad3b9d010251
255,amazon,amazonuser,ac483b9fb749b545184a774a689e7e4f,00000000000000004f9cad3b9d010252
256,amazon,amazonuser,ac483b9fb749b545184a774a689e7e4f,00000000000000004f9cad3b9d010253
257,amazon,amazonuser,ac483b9fb749b545184a774a689e7e4f,00000000000000004f9cad3b9d010254
258,amazon,amazonuser,ac483b9fb749b545184a774a689e7e4f,00000000000000004f9cad3b9d010255
259,amazon,amazonuser,ac483b9fb749b545184a774a689e7e4f,00000000000000004f9cad3b9d010256
260,amazon,amazonuser,ac483b9fb749b545184a774a689e7e4f,00000000000000004f9cad3b9d010257
261,amazon,amazonuser,ac483b9fb749b545184a774a689e7e4f,00000000000000004f9cad3b9d010258
262,amazon,amazonuser,ac483b9fb749b545184a774a689e7e4f,00000000000000004f9cad3b9d010259
263,amazon,amazonuser,ac483b9fb749b545184a774a689e7e4f,00000000000000004f9cad3b9d010260
264,amazon,amazonuser,ac483b9fb749b545184a774a689e7e4f,00000000000000004f9cad3b9d010261
265,amazon,amazonuser,ac483b9fb749b545184a774a689e7e4f,00000000000000004f9cad3b9d010262
266,amazon,amazonuser,ac483b9fb749b545184a774a689e7e4f,00000000000000004f9cad3b9d010263
267,amazon,amazonuser,ac483b9fb749b545184a774a689e7e4f,00000000000000004f9cad3b9d010264
268,amazon,amazonuser,ac483b9fb749b545184a774a689e7e4f,00000000000000004f9cad3b9d010265
269,amazon,amazonuser,ac483b9fb749b545184a774a689e7e4f,00000000000000004f9cad3b9d010266
270,amazon,amazonuser,ac483b9fb749b545184a774a689e7e4f,00000000000000004f9cad3b9d010267
271,amazon,amazonuser,ac483b9fb749b545184a774a689e7e4f,00000000000000004f9cad3b9d010268
272,amazon,amazonuser,ac483b9fb749b545184a774a689e7e4f,00000000000000004f9cad3b9d010269
273,amazon,amazonuser,ac483b9fb749b545184a774a689e7e4f,00000000000000004f9cad3b9d010270
274,amazon,amazonuser,ac483b9fb749b545184a774a689e7e4f,00000000000000004f9cad3b9d010271
275,amazon,amazonuser,ac483b9fb749b545184a774a689e7e4f,00000000000000004f9cad3b9d010272
276,amazon,amazonuser,ac483b9fb749b545184a774a689e7e4f,00000000000000004f9cad3b9d010273
277,amazon,amazonuser,ac483b9fb749b545184a774a689e7e4f,00000000000000004f9cad3b9d010274
278,amazon,amazonuser,ac483b9fb749b545184a774a689e7e4f,00000000000000004f9cad3b9d010275
279,amazon,amazonuser,ac483b9fb749b545184a774a689e7e4f,00000000000000004f9cad3b9d010276
280,amazon,amazonuser,ac483b9fb749b545184a774a689e7e4f,00000000000000004f9cad3b9d010277
281,amazon,amazonuser,ac483b9fb749b545184a774a689e7e4f,00000000000000004f9cad3b9d010278
282,amazon,amazonuser,ac483b9fb749b545184a774a689e7e4f,00000000000000004f9cad3b9d010279
283,amazon,amazonuser,ac483b9fb749b545184a774a689e7e4f,00000000000000004f9cad3b9d010280
284,amazon,amazonuser,ac483b9fb749b545184a774a689e7e4f,00000000000000004f9cad3b9d010281
285,amazon,amazonuser,ac483b9fb749b545184a774a689e7e4f,00000000000000004f9cad3b9d010282
286,amazon,amazonuser,ac483b9fb749b545184a774a689e7e4f,00000000000000004f9cad3b9d010283
287,amazon,amazonuser,ac483b9fb749b545184a774a689e7e4f,00000000000000004f9cad3b9d010284
288,amazon,amazonuser,ac483b9fb749b545184a774a689e7e4f,00000000000000004f9cad3b9d010285
289,amazon,amazonuser,ac483b9fb749b545184a774a689e7e4f,00000000000000004f9cad3b9d010286
290,amazon,amazonuser,ac483b9fb749b545184a774a689e7e4f,00000000000000004f9cad3b9d010287
291,amazon,amazonuser,ac483b9fb749b545184a774a689e7e4f,00000000000000004f9cad3b9d010288
292,amazon,amazonuser,ac483b9fb749b545184a774a689e7e4f,00000000000000004f9cad3b9d010289
293,amazon,amazonuser,ac483b9fb749b545184a774a689e7e4f,00000000000000004f9cad3b9d010290
294,amazon,amazonuser,ac483b9fb749b545184a774a689e7e4f,00000000000000004f9cad3b9d010291
295,amazon,amazonuser,ac483b9fb749b545184a774a689e7e4f,00000000000000004f9cad3b9d010292
296,amazon,amazonuser,ac483b9fb749b545184a774a689e7e4f,00000000000000004f9cad3b9d010293
297,amazon,amazonuser,ac483b9fb749b545184a774a689e7e4f,00000000000000004f9cad3b9d010294
298,amazon,amazonuser,ac483b9fb749b545184a774a689e7e4f,00000000000000004f9cad3b9d010295
299,amazon,amazonuser,ac483b9fb749b545184a774a689e7e4f,00000000000000004f9cad3b9d010296
300,amazon,amazonuser,ac483b9fb749b545184a774a689e7e4f,00000000000000004f9cad3b9d010297
